received_timestamp,sent_timestamp,latency_ms
22:06:12.543,22:06:09.119,3424
22:06:26.048,22:06:23.845,2203
22:06:30.340,22:06:27.775,2565
22:07:51.809,22:07:48.387,3422
22:07:52.942,22:07:50.549,2393
22:07:55.870,22:07:52.729,3141
22:07:57.069,22:07:54.647,2422
22:07:58.762,22:07:56.592,2170
22:08:00.820,22:07:58.615,2205
22:08:02.914,22:08:00.700,2214
22:08:05.716,22:08:02.800,2916
22:08:06.670,22:08:04.641,2029
22:08:09.737,22:08:06.754,2983
22:08:10.406,22:08:08.587,1819
22:08:13.475,22:08:10.778,2697
22:08:15.233,22:08:12.774,2459
22:08:17.647,22:08:14.759,2888
22:08:18.543,22:08:16.664,1879
22:08:20.839,22:08:18.555,2284
22:08:22.615,22:08:20.720,1895
22:08:25.317,22:08:22.751,2566
22:08:26.947,22:08:24.694,2253
22:08:29.083,22:08:26.706,2377
22:08:31.469,22:08:28.664,2805
22:08:33.324,22:08:30.499,2825
22:08:35.249,22:08:32.610,2639
22:08:36.992,22:08:34.808,2184
22:08:39.372,22:08:36.557,2815
22:08:42.264,22:08:38.587,3677
22:08:42.758,22:08:40.619,2139
22:08:45.518,22:08:42.489,3029
22:08:48.275,22:08:44.162,4113
22:08:49.139,22:08:46.688,2451
22:08:51.481,22:08:48.660,2821
22:08:52.915,22:08:50.860,2055
22:08:56.254,22:08:52.405,3849
22:08:57.532,22:08:54.699,2833
22:08:58.964,22:08:56.550,2414
22:09:01.723,22:08:58.699,3024
22:09:03.553,22:09:00.836,2717
22:09:05.091,22:09:02.681,2410
22:09:07.587,22:09:04.734,2853
22:09:09.238,22:09:06.648,2590
22:09:11.369,22:09:08.702,2667
22:09:13.667,22:09:10.712,2955
22:09:15.099,22:09:12.753,2346
22:09:17.373,22:09:14.782,2591
22:09:18.717,22:09:16.696,2021
22:09:21.441,22:09:18.639,2802
22:09:23.535,22:09:20.648,2887
22:09:25.029,22:09:22.593,2436
22:09:27.675,22:09:24.579,3096
22:09:29.293,22:09:26.769,2524
22:09:31.889,22:09:28.810,3079
22:09:32.990,22:09:30.786,2204
22:09:34.904,22:09:32.627,2277
22:09:37.448,22:09:34.759,2689
22:09:39.333,22:09:36.644,2689
22:09:42.017,22:09:38.701,3316
22:09:43.660,22:09:40.764,2896
22:09:45.593,22:09:42.485,3108
22:09:47.715,22:09:44.759,2956
22:09:49.058,22:09:46.578,2480
22:09:51.667,22:09:48.630,3037
22:09:52.996,22:09:50.768,2228
22:09:56.000,22:09:52.615,3385
22:09:57.229,22:09:54.453,2776
22:09:59.713,22:09:56.609,3104
22:10:01.035,22:09:58.585,2450
22:10:03.482,22:10:00.740,2742
22:10:06.770,22:10:02.507,4263
22:10:07.557,22:10:04.672,2885
22:10:08.962,22:10:06.465,2497
22:10:12.051,22:10:08.561,3490
22:10:13.640,22:10:10.712,2928
22:10:15.725,22:10:12.678,3047
22:10:17.264,22:10:14.544,2720
22:10:19.609,22:10:16.632,2977
22:10:21.750,22:10:18.576,3174
22:10:22.905,22:10:20.534,2371
22:10:25.989,22:10:22.653,3336
22:10:27.672,22:10:24.793,2879
22:10:29.533,22:10:26.631,2902
22:10:31.541,22:10:28.617,2924
22:10:33.595,22:10:30.792,2803
22:10:35.249,22:10:32.815,2434
22:10:37.272,22:10:34.681,2591
22:10:39.427,22:10:36.704,2723
22:10:41.359,22:10:38.648,2711
22:10:44.124,22:10:40.695,3429
22:10:45.490,22:10:42.686,2804
22:10:48.052,22:10:44.656,3396
22:10:49.227,22:10:46.570,2657
22:10:52.479,22:10:48.794,3685
22:10:52.978,22:10:50.288,2690
22:10:55.454,22:10:52.796,2658
22:10:57.631,22:10:54.736,2895
22:10:59.797,22:10:56.521,3276
22:11:01.238,22:10:58.653,2585
22:11:03.365,22:11:00.820,2545
22:11:05.420,22:11:02.781,2639
22:11:07.562,22:11:04.813,2749
22:11:09.049,22:11:06.776,2273
22:11:11.314,22:11:08.752,2562
22:11:13.278,22:11:10.706,2572
22:11:15.795,22:11:12.708,3087
22:11:17.144,22:11:14.812,2332
22:11:19.911,22:11:16.640,3271
22:11:21.558,22:11:18.716,2842
22:11:23.459,22:11:20.655,2804
22:11:25.710,22:11:22.738,2972
22:11:27.567,22:11:24.472,3095
22:11:30.022,22:11:26.557,3465
22:11:31.407,22:11:28.693,2714
22:11:34.034,22:11:30.660,3374
22:11:35.408,22:11:32.312,3096
22:11:38.267,22:11:34.644,3623
22:11:39.314,22:11:36.340,2974
22:11:41.843,22:11:38.547,3296
22:11:43.747,22:11:40.581,3166
22:11:45.864,22:11:42.628,3236
22:11:47.381,22:11:44.499,2882
22:11:50.353,22:11:46.766,3587
22:11:51.436,22:11:48.713,2723
22:12:46.914,22:12:45.075,1839
22:12:49.075,22:12:47.135,1940
22:12:51.024,22:12:49.080,1944
22:12:53.192,22:12:50.987,2205
22:12:55.157,22:12:52.898,2259
22:12:57.207,22:12:55.065,2142
22:12:59.536,22:12:57.088,2448
22:13:01.534,22:12:59.029,2505
22:13:02.982,22:13:00.957,2025
22:13:05.637,22:13:02.953,2684
22:13:07.833,22:13:05.077,2756
22:13:08.887,22:13:07.023,1864
22:13:11.392,22:13:09.073,2319
22:13:13.697,22:13:10.994,2703
22:13:15.539,22:13:12.932,2607
22:13:17.374,22:13:14.918,2456
22:13:19.544,22:13:16.927,2617
22:13:21.326,22:13:18.921,2405
22:13:23.215,22:13:20.926,2289
22:13:25.365,22:13:23.076,2289
22:13:27.250,22:13:24.986,2264
22:13:29.632,22:13:26.882,2750
22:13:31.773,22:13:29.092,2681
22:13:33.740,22:13:31.062,2678
22:13:35.763,22:13:33.093,2670
22:13:37.283,22:13:34.993,2290
22:13:39.624,22:13:37.084,2540
22:13:41.757,22:13:39.067,2690
22:13:43.636,22:13:41.024,2612
22:13:45.743,22:13:43.145,2598
22:13:47.837,22:13:45.072,2765
22:13:49.390,22:13:46.934,2456
22:13:51.535,22:13:48.987,2548
22:13:53.735,22:13:50.981,2754
22:13:56.221,22:13:53.131,3090
22:13:57.538,22:13:55.075,2463
22:13:59.883,22:13:56.935,2948
22:14:01.518,22:13:59.066,2452
22:14:03.770,22:14:01.105,2665
22:14:05.425,22:14:03.039,2386
22:14:07.343,22:14:05.077,2266
22:14:09.626,22:14:07.007,2619
22:14:11.608,22:14:08.920,2688
22:14:13.962,22:14:10.878,3084
22:14:15.308,22:14:13.075,2233
22:14:17.700,22:14:14.919,2781
22:14:19.894,22:14:17.119,2775
22:14:21.423,22:14:18.895,2528
22:14:23.934,22:14:20.962,2972
22:14:25.252,22:14:23.068,2184
22:14:27.976,22:14:25.106,2870
22:14:29.117,22:14:27.028,2089
22:14:31.850,22:14:29.011,2839
22:14:33.357,22:14:30.931,2426
22:14:35.530,22:14:32.996,2534
22:14:37.177,22:14:35.141,2036
22:14:39.546,22:14:36.900,2646
22:14:41.182,22:14:39.098,2084
22:14:43.535,22:14:41.053,2482
22:14:45.676,22:14:43.061,2615
22:14:47.522,22:14:45.003,2519
22:14:49.171,22:14:47.117,2054
22:14:51.539,22:14:48.990,2549
22:14:53.691,22:14:50.908,2783
22:14:55.782,22:14:53.115,2667
22:14:58.212,22:14:54.992,3220
22:14:59.348,22:14:56.722,2626
22:15:01.622,22:14:59.063,2559
22:15:03.725,22:15:01.105,2620
22:15:06.026,22:15:03.120,2906
22:15:07.242,22:15:05.077,2165
22:15:09.431,22:15:06.904,2527
22:15:11.588,22:15:09.036,2552
22:15:13.800,22:15:11.011,2789
22:15:15.709,22:15:12.989,2720
22:15:17.947,22:15:14.985,2962
22:15:19.565,22:15:16.986,2579
22:15:21.538,22:15:18.931,2607
22:15:24.181,22:15:20.927,3254
22:15:25.521,22:15:23.134,2387
22:15:27.806,22:15:24.997,2809
22:15:29.421,22:15:26.596,2825
22:15:31.263,22:15:28.853,2410
22:15:33.906,22:15:30.902,3004
22:15:35.573,22:15:33.112,2461
22:15:37.389,22:15:34.920,2469
22:15:39.198,22:15:36.958,2240
22:15:42.187,22:15:39.107,3080
22:15:43.401,22:15:41.042,2359
22:15:45.910,22:15:43.025,2885
22:15:47.525,22:15:45.103,2422
22:15:50.406,22:15:47.098,3308
22:15:51.160,22:15:48.964,2196
22:15:53.917,22:15:50.993,2924
22:15:55.526,22:15:52.923,2603
22:15:57.690,22:15:54.952,2738
22:15:59.754,22:15:57.144,2610
22:16:02.076,22:15:58.917,3159
22:16:03.693,22:16:00.922,2771
22:16:05.914,22:16:02.939,2975
22:16:07.274,22:16:05.106,2168
22:16:09.815,22:16:07.101,2714
22:16:12.183,22:16:08.978,3205
22:16:13.430,22:16:10.899,2531
22:16:15.270,22:16:13.149,2121
22:16:17.530,22:16:15.034,2496
22:16:19.519,22:16:16.920,2599
22:16:22.146,22:16:19.064,3082
22:16:23.403,22:16:20.987,2416
22:16:26.153,22:16:23.054,3099
22:16:27.811,22:16:24.713,3098
22:16:29.759,22:16:27.017,2742
22:16:32.143,22:16:28.932,3211
22:16:33.969,22:16:30.913,3056
22:16:35.204,22:16:33.008,2196
22:16:37.531,22:16:34.807,2724
22:16:39.380,22:16:37.030,2350
22:16:41.080,22:16:39.107,1973
22:16:43.173,22:16:40.886,2287
22:16:46.230,22:16:43.109,3121
22:16:47.814,22:16:45.021,2793
22:16:49.968,22:16:47.015,2953
22:16:51.964,22:16:49.015,2949
22:16:53.693,22:16:51.070,2623
22:16:56.000,22:16:52.997,3003
22:16:58.012,22:16:54.700,3312
22:16:58.923,22:16:57.057,1866
22:17:02.138,22:16:58.897,3241
22:17:03.886,22:17:00.726,3160
22:17:05.808,22:17:02.911,2897
22:17:08.336,22:17:04.988,3348
22:17:10.187,22:17:06.899,3288
22:17:11.522,22:17:09.059,2463
22:17:13.862,22:17:10.981,2881
22:17:15.382,22:17:12.762,2620
22:17:17.801,22:17:15.114,2687
22:17:19.265,22:17:17.097,2168
22:17:22.239,22:17:19.092,3147
22:17:23.699,22:17:21.035,2664
22:17:26.152,22:17:22.996,3156
22:17:27.330,22:17:24.957,2373
22:17:29.859,22:17:26.816,3043
22:17:31.610,22:17:29.108,2502
22:17:33.619,22:17:30.974,2645
22:17:35.962,22:17:32.945,3017
22:17:37.219,22:17:34.920,2299
22:17:39.959,22:17:36.958,3001
22:17:41.544,22:17:38.893,2651
22:17:43.958,22:17:40.936,3022
22:17:45.513,22:17:43.088,2425
22:17:47.017,22:17:45.131,1886
22:17:49.732,22:17:47.101,2631
22:17:51.739,22:17:49.070,2669
22:17:53.971,22:17:51.037,2934
22:17:55.782,22:17:53.106,2676
22:17:57.229,22:17:55.108,2121
22:17:59.133,22:17:56.928,2205
22:18:01.317,22:17:58.890,2427
22:18:03.791,22:18:01.087,2704
22:18:05.840,22:18:03.090,2750
22:18:06.969,22:18:05.067,1902
22:18:09.542,22:18:07.074,2468
22:18:11.515,22:18:08.949,2566
22:18:13.748,22:18:11.084,2664
22:18:15.622,22:18:12.964,2658
22:18:17.915,22:18:14.913,3002
22:18:19.641,22:18:16.878,2763
22:18:21.773,22:18:18.966,2807
22:18:23.812,22:18:20.994,2818
22:18:25.136,22:18:23.039,2097
22:18:27.363,22:18:25.051,2312
22:18:29.742,22:18:27.026,2716
22:18:31.548,22:18:29.131,2417
22:18:33.655,22:18:30.886,2769
22:18:35.888,22:18:32.881,3007
22:18:37.509,22:18:34.908,2601
22:18:39.948,22:18:36.938,3010
22:18:41.156,22:18:39.141,2015
22:18:43.764,22:18:41.114,2650
22:18:45.798,22:18:43.023,2775
22:18:47.885,22:18:44.996,2889
22:18:49.374,22:18:46.883,2491
22:18:51.812,22:18:48.961,2851
22:18:53.162,22:18:50.885,2277
22:18:55.823,22:18:53.000,2823
22:18:57.534,22:18:54.966,2568
22:18:59.981,22:18:56.940,3041
22:19:01.975,22:18:59.144,2831
22:19:03.638,22:19:01.090,2548
22:19:05.967,22:19:03.141,2826
22:19:07.538,22:19:04.873,2665
22:19:10.211,22:19:07.140,3071
22:19:11.679,22:19:09.066,2613
22:19:13.964,22:19:11.130,2834
22:19:15.823,22:19:12.995,2828
22:19:17.564,22:19:14.926,2638
22:19:20.091,22:19:16.866,3225
22:19:21.437,22:19:19.025,2412
22:19:24.341,22:19:20.958,3383
22:19:25.972,22:19:22.958,3014
22:19:27.919,22:19:24.968,2951
22:19:30.075,22:19:27.075,3000
22:19:31.790,22:19:28.937,2853
22:19:34.063,22:19:30.889,3174
22:19:36.167,22:19:33.036,3131
22:19:38.200,22:19:34.955,3245
22:19:40.041,22:19:37.102,2939
22:19:41.841,22:19:39.016,2825
22:19:43.663,22:19:41.059,2604
22:19:45.971,22:19:42.938,3033
22:19:47.847,22:19:44.618,3229
22:19:49.961,22:19:47.003,2958
22:19:51.620,22:19:48.954,2666
22:19:53.687,22:19:50.967,2720
22:19:55.555,22:19:52.932,2623
22:19:58.008,22:19:55.133,2875
22:19:59.534,22:19:57.068,2466
22:20:01.883,22:19:59.108,2775
22:20:03.806,22:20:00.944,2862
22:20:05.279,22:20:02.972,2307
22:20:07.984,22:20:04.961,3023
22:20:09.770,22:20:07.128,2642
22:20:11.328,22:20:08.937,2391
22:20:13.583,22:20:10.961,2622
22:20:15.211,22:20:13.063,2148
22:20:17.557,22:20:15.060,2497
22:20:19.942,22:20:16.943,2999
22:20:21.536,22:20:18.863,2673
22:20:23.728,22:20:20.942,2786
22:20:25.989,22:20:23.075,2914
22:20:27.659,22:20:25.077,2582
22:20:29.833,22:20:27.090,2743
22:20:31.530,22:20:28.990,2540
22:20:33.986,22:20:31.002,2984
22:20:34.873,22:20:33.132,1741
22:20:37.811,22:20:35.139,2672
22:20:39.295,22:20:37.072,2223
22:20:41.555,22:20:39.050,2505
22:20:44.180,22:20:40.964,3216
22:20:45.190,22:20:42.920,2270
22:20:47.861,22:20:44.981,2880
22:20:48.735,22:20:47.058,1677
22:20:51.276,22:20:49.082,2194
22:20:53.916,22:20:50.990,2926
22:20:55.404,22:20:53.120,2284
22:20:58.081,22:20:55.104,2977
22:20:59.698,22:20:57.113,2585
22:21:02.151,22:20:59.100,3051
22:21:03.665,22:21:01.040,2625
22:21:06.105,22:21:03.105,3000
22:21:07.428,22:21:05.052,2376
22:21:09.607,22:21:07.033,2574
22:21:11.603,22:21:08.947,2656
22:21:13.820,22:21:11.136,2684
22:21:15.528,22:21:13.060,2468
22:21:17.966,22:21:15.047,2919
22:21:19.905,22:21:16.987,2918
22:21:20.802,22:21:18.965,1837
22:21:23.959,22:21:20.973,2986
22:21:25.594,22:21:22.920,2674
22:21:28.022,22:21:25.114,2908
22:21:28.829,22:21:27.049,1780
22:21:31.780,22:21:29.084,2696
22:21:33.430,22:21:30.921,2509
22:21:35.953,22:21:33.129,2824
22:21:37.395,22:21:35.071,2324
22:21:39.534,22:21:37.067,2467
22:21:42.023,22:21:38.973,3050
22:21:43.542,22:21:41.119,2423
22:21:46.133,22:21:43.131,3002
22:21:47.530,22:21:45.111,2419
22:21:50.061,22:21:46.945,3116
22:21:51.356,22:21:49.104,2252
22:21:53.745,22:21:51.118,2627
22:21:55.044,22:21:53.025,2019
22:21:57.635,22:21:54.930,2705
22:22:00.000,22:21:57.102,2898
22:22:01.413,22:21:59.040,2373
22:22:03.522,22:22:01.083,2439
22:22:05.763,22:22:02.962,2801
22:22:07.582,22:22:04.906,2676
22:22:09.750,22:22:06.926,2824
22:22:11.955,22:22:08.920,3035
22:22:13.816,22:22:11.117,2699
22:22:14.974,22:22:13.142,1832
22:22:17.902,22:22:15.154,2748
22:22:19.316,22:22:17.040,2276
22:22:21.221,22:22:18.987,2234
22:22:23.557,22:22:20.916,2641
22:22:25.906,22:22:23.086,2820
22:22:27.234,22:22:24.981,2253
22:22:29.416,22:22:27.021,2395
22:22:31.365,22:22:29.100,2265
22:22:33.565,22:22:31.078,2487
22:22:35.509,22:22:32.974,2535
22:22:37.745,22:22:34.983,2762
22:22:39.839,22:22:36.993,2846
22:22:41.070,22:22:38.885,2185
22:22:43.393,22:22:40.955,2438
22:22:46.024,22:22:43.089,2935
22:22:47.572,22:22:45.028,2544
22:22:49.263,22:22:47.082,2181
22:22:51.537,22:22:48.977,2560
22:22:53.844,22:22:50.923,2921
22:22:55.030,22:22:53.105,1925
22:22:57.379,22:22:55.112,2267
22:22:59.540,22:22:56.962,2578
22:23:01.539,22:22:58.880,2659
22:23:03.784,22:23:01.043,2741
22:23:05.644,22:23:02.984,2660
22:23:07.365,22:23:04.969,2396
22:23:09.900,22:23:06.967,2933
22:23:11.182,22:23:09.091,2091
22:23:13.951,22:23:11.091,2860
22:23:15.518,22:23:13.020,2498
22:23:17.620,22:23:14.995,2625
22:23:19.627,22:23:16.964,2663
22:23:21.769,22:23:18.919,2850
22:23:23.055,22:23:21.101,1954
22:23:25.306,22:23:22.912,2394
22:23:27.532,22:23:25.078,2454
22:23:29.554,22:23:26.981,2573
22:23:31.762,22:23:28.874,2888
22:23:33.335,22:23:31.136,2199
22:23:35.290,22:23:32.905,2385
22:23:37.198,22:23:35.108,2090
22:23:39.670,22:23:37.065,2605
22:23:41.403,22:23:39.038,2365
22:23:43.411,22:23:41.019,2392
22:23:45.352,22:23:42.960,2392
22:23:47.525,22:23:45.074,2451
22:23:49.703,22:23:47.066,2637
22:23:51.782,22:23:49.024,2758
22:23:53.511,22:23:50.956,2555
22:23:55.511,22:23:52.998,2513
22:23:57.309,22:23:55.138,2171
22:23:59.319,22:23:57.021,2298
22:24:01.258,22:23:58.976,2282
22:24:03.325,22:24:00.969,2356
22:24:05.830,22:24:02.886,2944
22:24:06.983,22:24:05.089,1894
22:24:09.376,22:24:07.103,2273
22:24:11.512,22:24:08.961,2551
22:24:13.512,22:24:10.961,2551
22:24:15.419,22:24:13.134,2285
22:24:17.519,22:24:15.029,2490
22:24:19.515,22:24:16.914,2601
22:24:21.845,22:24:19.021,2824
22:24:23.524,22:24:21.003,2521
22:24:25.835,22:24:23.024,2811
22:24:27.388,22:24:24.948,2440
22:24:29.524,22:24:26.957,2567
22:24:31.714,22:24:29.135,2579
22:24:33.164,22:24:31.015,2149
22:24:35.224,22:24:32.964,2260
22:24:37.647,22:24:34.961,2686
22:24:39.382,22:24:37.122,2260
22:24:41.537,22:24:39.087,2450
22:24:43.535,22:24:41.013,2522
22:24:44.978,22:24:43.023,1955
22:24:47.197,22:24:45.092,2105
22:24:49.671,22:24:47.001,2670
22:24:51.572,22:24:49.146,2426
22:24:53.531,22:24:50.856,2675
22:24:55.538,22:24:53.026,2512
22:24:57.155,22:24:54.897,2258
22:24:59.330,22:24:56.853,2477
22:25:01.360,22:24:59.066,2294
22:25:04.091,22:25:01.021,3070
22:25:05.246,22:25:02.908,2338
22:25:06.856,22:25:04.916,1940
22:25:09.188,22:25:07.061,2127
22:25:11.386,22:25:08.879,2507
22:25:13.224,22:25:11.117,2107
22:25:15.194,22:25:12.864,2330
22:25:17.380,22:25:15.072,2308
22:25:19.435,22:25:16.947,2488
22:25:21.649,22:25:19.107,2542
22:25:23.635,22:25:21.003,2632
22:25:25.367,22:25:23.130,2237
22:25:27.433,22:25:24.876,2557
22:25:28.966,22:25:27.042,1924
22:25:31.538,22:25:29.029,2509
22:25:35.126,22:25:33.137,1989
22:25:37.276,22:25:35.065,2211
22:25:39.529,22:25:37.003,2526
22:25:41.727,22:25:39.126,2601
22:25:43.299,22:25:41.047,2252
22:25:45.574,22:25:42.978,2596
22:25:47.869,22:25:45.125,2744
22:25:49.170,22:25:47.123,2047
22:25:51.153,22:25:49.113,2040
22:25:53.040,22:25:51.009,2031
22:25:55.334,22:25:52.993,2341
22:25:57.307,22:25:54.922,2385
22:25:59.909,22:25:56.998,2911
22:26:01.022,22:25:59.120,1902
22:26:03.531,22:26:00.943,2588
22:26:05.606,22:26:03.070,2536
22:26:07.415,22:26:04.956,2459
22:26:09.356,22:26:06.939,2417
22:26:10.968,22:26:08.946,2021
22:26:13.286,22:26:10.929,2357
22:26:15.205,22:26:13.114,2091
22:26:17.407,22:26:14.996,2411
22:26:19.529,22:26:17.124,2405
22:26:21.516,22:26:19.056,2460
22:26:23.707,22:26:21.061,2646
22:26:25.657,22:26:22.947,2710
22:26:27.551,22:26:24.921,2630
22:26:29.954,22:26:27.121,2833
22:26:31.108,22:26:29.060,2048
22:26:33.216,22:26:31.055,2161
22:26:35.722,22:26:33.075,2647
22:26:37.814,22:26:35.002,2812
22:26:39.198,22:26:37.018,2180
22:26:41.400,22:26:39.015,2385
22:26:43.671,22:26:40.982,2689
22:26:45.701,22:26:43.126,2575
22:26:48.072,22:26:45.055,3017
22:26:48.912,22:26:46.948,1964
22:26:51.704,22:26:49.034,2670
22:26:53.587,22:26:51.155,2432
22:26:55.727,22:26:53.107,2620
22:26:57.785,22:26:54.992,2793
22:26:59.936,22:26:56.946,2990
22:27:01.525,22:26:58.930,2595
22:27:03.626,22:27:00.991,2635
22:27:06.129,22:27:03.110,3019
22:27:07.332,22:27:05.060,2272
22:27:09.886,22:27:07.110,2776
22:27:11.313,22:27:09.030,2283
22:27:13.705,22:27:10.992,2713
22:27:16.105,22:27:13.112,2993
22:27:17.128,22:27:15.077,2051
22:27:19.245,22:27:17.134,2111
22:27:21.530,22:27:19.051,2479
22:27:24.086,22:27:20.981,3105
22:27:25.775,22:27:23.109,2666
22:27:27.858,22:27:25.061,2797
22:27:29.122,22:27:26.994,2128
22:27:32.034,22:27:28.949,3085
22:27:33.378,22:27:31.056,2322
22:27:35.299,22:27:33.115,2184
22:27:37.826,22:27:35.097,2729
22:27:39.192,22:27:37.037,2155
22:27:41.532,22:27:39.026,2506
22:27:43.858,22:27:40.986,2872
22:27:45.549,22:27:42.987,2562
22:27:47.867,22:27:44.990,2877
22:27:49.579,22:27:46.932,2647
22:27:51.984,22:27:48.984,3000
22:27:53.419,22:27:51.122,2297
22:27:55.618,22:27:52.940,2678
22:27:58.116,22:27:55.086,3030
22:27:59.421,22:27:56.959,2462
22:28:01.736,22:27:58.972,2764
22:28:03.957,22:28:00.928,3029
22:28:05.541,22:28:03.094,2447
22:28:07.064,22:28:05.088,1976
22:28:09.900,22:28:06.985,2915
22:28:11.065,22:28:09.091,1974
22:28:13.556,22:28:11.102,2454
22:28:15.855,22:28:12.925,2930
22:28:17.320,22:28:15.069,2251
22:28:19.786,22:28:17.090,2696
22:28:21.300,22:28:18.917,2383
22:28:23.805,22:28:20.917,2888
22:28:26.031,22:28:23.026,3005
22:28:27.698,22:28:25.054,2644
22:28:29.765,22:28:27.018,2747
22:28:31.904,22:28:29.020,2884
22:28:33.679,22:28:30.974,2705
22:28:35.556,22:28:33.033,2523
22:28:37.519,22:28:34.903,2616
22:28:40.127,22:28:37.106,3021
22:28:41.509,22:28:38.986,2523
22:28:43.540,22:28:41.011,2529
22:28:45.598,22:28:42.904,2694
22:28:47.321,22:28:45.092,2229
22:28:49.923,22:28:46.974,2949
22:28:51.406,22:28:48.917,2489
22:28:53.551,22:28:50.960,2591
22:28:55.967,22:28:53.118,2849
22:28:57.354,22:28:55.090,2264
22:28:59.597,22:28:57.117,2480
22:29:01.200,22:28:59.083,2117
22:29:03.752,22:29:01.108,2644
22:29:05.658,22:29:03.031,2627
22:29:07.530,22:29:04.967,2563
22:29:09.520,22:29:06.893,2627
22:29:11.670,22:29:09.146,2524
22:29:13.626,22:29:11.035,2591
22:29:15.642,22:29:12.894,2748
22:29:17.377,22:29:14.939,2438
22:29:19.515,22:29:17.099,2416
22:29:21.256,22:29:19.034,2222
22:29:23.317,22:29:21.106,2211
22:29:27.404,22:29:24.915,2489
22:29:29.301,22:29:27.030,2271
22:29:31.412,22:29:28.964,2448
22:29:33.557,22:29:31.095,2462
22:29:35.696,22:29:33.062,2634
22:29:37.515,22:29:35.009,2506
22:29:39.357,22:29:36.986,2371
22:29:41.559,22:29:39.090,2469
22:29:43.531,22:29:41.093,2438
22:29:45.302,22:29:43.096,2206
22:29:47.300,22:29:44.891,2409
22:29:49.379,22:29:47.087,2292
22:29:51.575,22:29:49.104,2471
22:29:53.694,22:29:51.016,2678
22:29:55.703,22:29:52.907,2796
22:29:57.534,22:29:55.096,2438
22:29:59.393,22:29:57.050,2343
22:30:01.523,22:29:58.962,2561
22:30:03.715,22:30:01.095,2620
22:30:05.809,22:30:02.967,2842
22:30:07.355,22:30:04.969,2386
22:30:09.652,22:30:06.971,2681
22:30:11.744,22:30:09.006,2738
22:30:13.939,22:30:10.895,3044
22:30:15.629,22:30:13.144,2485
22:30:17.931,22:30:14.937,2994
22:30:19.671,22:30:17.140,2531
22:30:21.676,22:30:19.100,2576
22:30:23.941,22:30:21.058,2883
22:30:25.559,22:30:23.043,2516
22:30:27.520,22:30:25.079,2441
22:30:29.195,22:30:27.017,2178
22:30:31.548,22:30:28.988,2560
22:30:33.787,22:30:31.141,2646
22:30:35.257,22:30:33.099,2158
22:30:37.306,22:30:34.893,2413
22:30:39.186,22:30:37.007,2179
22:30:41.425,22:30:38.864,2561
22:30:43.537,22:30:41.081,2456
22:30:45.655,22:30:43.025,2630
22:30:47.866,22:30:45.128,2738
22:30:49.577,22:30:47.068,2509
22:30:51.526,22:30:49.134,2392
22:30:53.231,22:30:51.085,2146
22:30:54.935,22:30:53.027,1908
22:30:57.168,22:30:54.977,2191
22:30:59.314,22:30:57.023,2291
22:31:01.280,22:30:58.934,2346
22:31:03.122,22:31:00.926,2196
22:31:05.525,22:31:02.877,2648
22:31:07.551,22:31:05.116,2435
22:31:09.324,22:31:06.908,2416
22:31:11.083,22:31:09.127,1956
22:31:13.325,22:31:11.132,2193
22:31:15.429,22:31:13.012,2417
22:31:17.424,22:31:14.958,2466
22:31:19.512,22:31:17.137,2375
22:31:21.530,22:31:19.047,2483
22:31:23.371,22:31:21.014,2357
22:31:25.551,22:31:22.945,2606
22:31:27.533,22:31:24.942,2591
22:31:29.537,22:31:27.089,2448
22:31:31.287,22:31:29.066,2221
22:31:33.172,22:31:30.935,2237
22:31:35.543,22:31:33.084,2459
22:31:37.560,22:31:35.038,2522
22:31:39.227,22:31:36.901,2326
22:31:41.844,22:31:38.871,2973
22:31:43.523,22:31:41.047,2476
22:31:45.257,22:31:43.032,2225
22:31:47.719,22:31:45.019,2700
22:31:50.015,22:31:46.923,3092
22:31:51.355,22:31:48.917,2438
22:31:52.865,22:31:50.984,1881
22:31:55.735,22:31:53.010,2725
22:31:57.127,22:31:55.134,1993
22:31:59.746,22:31:57.123,2623
22:32:01.575,22:31:59.009,2566
22:32:03.340,22:32:01.010,2330
22:32:05.998,22:32:02.995,3003
22:32:07.391,22:32:05.133,2258
22:32:09.536,22:32:06.926,2610
22:32:11.349,22:32:09.059,2290
22:32:13.946,22:32:10.959,2987
22:32:15.364,22:32:13.124,2240
22:32:17.627,22:32:14.908,2719
22:32:19.561,22:32:17.126,2435
22:32:21.527,22:32:19.064,2463
22:32:23.835,22:32:21.018,2817
22:32:27.287,22:32:24.942,2345
22:32:29.571,22:32:26.879,2692
22:32:31.416,22:32:29.061,2355
22:32:33.677,22:32:31.056,2621
22:32:35.610,22:32:33.057,2553
22:32:38.056,22:32:34.928,3128
22:32:39.441,22:32:37.133,2308
22:32:40.953,22:32:38.935,2017
22:32:42.736,22:32:41.017,1719
22:32:44.944,22:32:43.038,1906
22:32:46.747,22:32:45.110,1637
22:32:48.700,22:32:47.131,1569
22:32:50.893,22:32:49.099,1794
22:32:52.867,22:32:51.100,1767
22:32:54.951,22:32:53.113,1838
22:32:56.667,22:32:55.161,1506
22:32:58.943,22:32:56.959,1984
22:33:00.666,22:32:58.969,1697
22:33:02.660,22:33:01.059,1601
22:33:04.938,22:33:03.078,1860
22:33:06.595,22:33:05.030,1565
22:33:09.527,22:33:07.047,2480
22:33:10.758,22:33:09.105,1653
22:33:12.810,22:33:10.961,1849
22:33:15.418,22:33:13.002,2416
22:33:17.117,22:33:14.927,2190
22:33:19.206,22:33:16.919,2287
22:33:20.794,22:33:18.956,1838
22:33:22.730,22:33:20.999,1731
22:33:24.730,22:33:22.965,1765
22:33:27.027,22:33:24.979,2048
22:33:28.722,22:33:26.899,1823
22:33:30.728,22:33:29.153,1575
22:33:32.998,22:33:30.966,2032
22:33:35.130,22:33:32.921,2209
22:33:36.657,22:33:34.948,1709
22:33:38.706,22:33:36.999,1707
22:33:40.864,22:33:38.989,1875
22:33:42.523,22:33:41.064,1459
22:33:44.858,22:33:43.036,1822
22:33:46.668,22:33:45.085,1583
22:33:49.097,22:33:47.097,2000
22:33:52.654,22:33:51.129,1525
22:33:54.631,22:33:52.942,1689
22:33:56.533,22:33:55.150,1383
22:33:58.940,22:33:56.977,1963
22:34:02.860,22:34:00.981,1879
22:34:04.674,22:34:02.971,1703
22:34:06.974,22:34:04.982,1992
22:34:08.724,22:34:06.959,1765
22:34:10.869,22:34:09.013,1856
22:34:12.423,22:34:11.013,1410
22:34:14.784,22:34:12.989,1795
22:34:16.807,22:34:15.021,1786
22:34:18.897,22:34:17.022,1875
22:34:20.742,22:34:19.005,1737
22:34:22.581,22:34:21.010,1571
22:34:24.494,22:34:22.989,1505
22:34:26.619,22:34:24.963,1656
22:34:28.637,22:34:26.987,1650
22:34:30.764,22:34:29.060,1704
22:34:32.482,22:34:31.065,1417
22:34:34.563,22:34:33.076,1487
22:34:36.683,22:34:35.033,1650
22:34:38.647,22:34:37.009,1638
22:34:40.728,22:34:38.986,1742
22:34:42.685,22:34:40.983,1702
22:34:44.644,22:34:42.975,1669
22:34:46.701,22:34:45.009,1692
22:34:48.680,22:34:47.021,1659
22:34:50.991,22:34:48.997,1994
22:34:52.533,22:34:51.043,1490
22:34:54.599,22:34:53.036,1563
22:34:56.519,22:34:55.061,1458
22:34:58.937,22:34:57.083,1854
22:35:02.783,22:35:01.116,1667
22:35:04.371,22:35:03.138,1233
22:35:06.718,22:35:05.114,1604
22:35:08.610,22:35:07.126,1484
22:35:10.667,22:35:09.136,1531
22:35:12.901,22:35:10.944,1957
22:35:14.587,22:35:12.934,1653
22:35:16.774,22:35:15.041,1733
22:35:18.382,22:35:17.018,1364
22:35:20.770,22:35:18.978,1792
22:35:22.854,22:35:21.006,1848
22:35:24.567,22:35:23.046,1521
22:35:26.588,22:35:25.041,1547
22:35:28.667,22:35:27.043,1624
22:35:30.698,22:35:29.012,1686
22:35:32.610,22:35:31.054,1556
22:35:34.837,22:35:33.007,1830
22:35:36.850,22:35:35.028,1822
22:35:38.625,22:35:37.061,1564
22:35:40.832,22:35:39.012,1820
22:35:42.929,22:35:41.045,1884
22:35:44.455,22:35:43.022,1433
22:35:47.033,22:35:44.997,2036
22:35:48.762,22:35:46.998,1764
22:35:50.859,22:35:48.996,1863
22:35:52.506,22:35:51.029,1477
22:35:54.864,22:35:53.041,1823
22:35:58.707,22:35:57.025,1682
22:36:00.709,22:35:59.004,1705
22:36:02.733,22:36:01.037,1696
22:36:04.546,22:36:02.994,1552
22:36:06.715,22:36:04.957,1758
22:36:08.591,22:36:06.941,1650
22:36:10.813,22:36:09.115,1698
22:36:12.853,22:36:11.048,1805
22:36:14.828,22:36:13.047,1781
22:36:16.902,22:36:15.048,1854
22:36:18.695,22:36:17.016,1679
22:36:20.746,22:36:18.992,1754
22:36:22.693,22:36:20.939,1754
22:36:24.568,22:36:23.120,1448
22:36:26.636,22:36:24.941,1695
22:36:30.567,22:36:29.111,1456
22:36:32.544,22:36:31.108,1436
22:36:34.548,22:36:33.079,1469
22:36:36.811,22:36:35.098,1713
22:36:38.539,22:36:37.101,1438
22:36:40.579,22:36:39.107,1472
22:36:42.608,22:36:41.053,1555
22:36:44.741,22:36:43.065,1676
22:36:46.571,22:36:45.083,1488
22:36:48.482,22:36:47.041,1441
22:36:50.624,22:36:48.973,1651
22:36:52.808,22:36:50.934,1874
22:36:54.685,22:36:52.955,1730
22:36:56.818,22:36:55.025,1793
22:36:58.691,22:36:57.019,1672
22:37:00.705,22:36:59.014,1691
22:37:02.551,22:37:01.046,1505
22:37:04.706,22:37:03.002,1704
22:37:06.676,22:37:04.986,1690
22:37:08.365,22:37:07.134,1231
22:37:10.424,22:37:09.103,1321
22:37:12.587,22:37:11.046,1541
22:37:14.727,22:37:13.009,1718
22:37:16.623,22:37:14.996,1627
22:37:18.810,22:37:16.954,1856
22:37:20.666,22:37:18.963,1703
22:37:22.559,22:37:20.956,1603
22:37:24.613,22:37:22.927,1686
22:37:26.621,22:37:24.946,1675
22:37:28.756,22:37:27.009,1747
22:37:30.572,22:37:29.057,1515
22:37:32.748,22:37:31.065,1683
22:37:34.632,22:37:33.066,1566
22:37:36.800,22:37:35.075,1725
22:37:38.684,22:37:37.061,1623
22:37:40.390,22:37:39.107,1283
22:37:42.478,22:37:41.070,1408
22:37:44.741,22:37:43.097,1644
22:37:46.706,22:37:45.106,1600
22:37:48.624,22:37:47.076,1548
22:37:50.660,22:37:49.069,1591
22:37:52.746,22:37:51.072,1674
22:37:58.770,22:37:57.104,1666
22:38:00.669,22:37:59.148,1521
22:38:02.660,22:38:01.126,1534
22:38:04.805,22:38:03.110,1695
22:38:06.694,22:38:05.159,1535
22:38:08.358,22:38:06.940,1418
22:38:10.543,22:38:09.131,1412
22:38:12.683,22:38:11.166,1517
22:38:14.680,22:38:12.949,1731
22:38:16.720,22:38:15.132,1588
22:38:18.679,22:38:17.133,1546
22:38:24.564,22:38:22.956,1608
22:38:26.725,22:38:24.939,1786
22:38:28.535,22:38:26.949,1586
22:38:30.414,22:38:28.949,1465
22:38:32.709,22:38:31.122,1587
22:38:34.883,22:38:33.149,1734
22:38:36.724,22:38:35.101,1623
22:38:38.607,22:38:37.142,1465
22:38:40.799,22:38:39.108,1691
22:38:42.868,22:38:40.919,1949
22:38:44.856,22:38:43.150,1706
22:38:46.617,22:38:44.935,1682
22:38:48.856,22:38:47.156,1700
22:38:50.680,22:38:49.162,1518
22:38:52.807,22:38:50.994,1813
22:38:54.743,22:38:53.044,1699
22:38:56.881,22:38:55.080,1801
22:38:58.787,22:38:57.052,1735
22:39:00.820,22:38:59.046,1774
22:39:02.688,22:39:01.036,1652
22:39:04.672,22:39:03.039,1633
22:39:06.523,22:39:05.042,1481
22:39:08.723,22:39:07.008,1715
22:39:12.695,22:39:11.013,1682
22:39:14.702,22:39:13.002,1700
22:39:16.538,22:39:14.990,1548
22:39:18.526,22:39:16.957,1569
22:39:20.700,22:39:18.979,1721
22:39:22.613,22:39:21.004,1609
22:39:24.675,22:39:23.007,1668
22:39:26.654,22:39:24.954,1700
22:39:28.711,22:39:26.975,1736
22:39:32.636,22:39:31.133,1503
22:39:34.710,22:39:33.120,1590
22:39:36.654,22:39:35.137,1517
22:39:38.420,22:39:37.104,1316
22:39:40.465,22:39:39.085,1380
22:39:42.642,22:39:41.027,1615
22:39:44.663,22:39:42.982,1681
22:39:46.773,22:39:44.975,1798
22:39:48.534,22:39:46.993,1541
22:39:50.456,22:39:49.006,1450
22:39:52.915,22:39:50.958,1957
22:39:54.750,22:39:53.003,1747
22:39:57.046,22:39:55.033,2013
22:39:58.606,22:39:57.055,1551
22:40:00.647,22:39:59.023,1624
22:40:02.664,22:40:01.096,1568
22:40:04.978,22:40:03.081,1897
22:40:06.574,22:40:05.105,1469
22:40:08.734,22:40:07.102,1632
22:40:10.686,22:40:09.141,1545
22:40:12.793,22:40:11.146,1647
22:40:14.798,22:40:13.125,1673
22:40:16.883,22:40:15.081,1802
22:40:18.576,22:40:17.039,1537
22:40:20.875,22:40:19.013,1862
22:40:22.740,22:40:21.049,1691
22:40:24.696,22:40:23.076,1620
22:40:26.709,22:40:25.026,1683
22:40:30.971,22:40:29.010,1961
22:40:32.578,22:40:30.967,1611
22:40:34.703,22:40:32.993,1710
22:40:36.934,22:40:34.942,1992
22:40:38.859,22:40:36.969,1890
22:40:40.795,22:40:38.973,1822
22:40:42.794,22:40:41.008,1786
22:40:44.842,22:40:43.025,1817
22:40:46.902,22:40:45.074,1828
22:40:48.775,22:40:47.024,1751
22:40:50.835,22:40:49.058,1777
22:40:52.525,22:40:51.018,1507
22:40:54.771,22:40:53.017,1754
22:40:58.912,22:40:56.967,1945
22:41:00.596,22:40:58.968,1628
22:41:02.899,22:41:00.988,1911
22:41:04.660,22:41:02.996,1664
22:41:07.190,22:41:05.019,2171
22:41:08.935,22:41:07.037,1898
22:41:10.748,22:41:09.087,1661
22:41:12.762,22:41:11.080,1682
22:41:14.852,22:41:13.068,1784
22:41:16.658,22:41:15.101,1557
22:41:18.845,22:41:17.086,1759
22:41:20.410,22:41:19.126,1284
22:41:22.692,22:41:21.088,1604
22:41:24.984,22:41:23.063,1921
22:41:26.699,22:41:24.998,1701
22:41:28.725,22:41:27.018,1707
22:41:30.749,22:41:29.016,1733
22:41:32.765,22:41:30.988,1777
22:41:34.611,22:41:32.950,1661
22:41:36.968,22:41:34.966,2001
22:41:38.584,22:41:36.952,1632
22:41:40.946,22:41:38.944,2001
22:41:42.909,22:41:40.995,1914
22:41:44.824,22:41:42.993,1831
22:41:46.755,22:41:45.017,1738
22:41:48.445,22:41:46.999,1446
22:41:50.837,22:41:49.152,1685
22:41:52.627,22:41:51.136,1491
22:41:54.709,22:41:53.087,1622
22:41:56.697,22:41:55.060,1637
22:41:58.928,22:41:57.076,1852
22:42:00.748,22:41:59.134,1614
22:42:02.569,22:42:00.955,1614
22:42:04.692,22:42:03.017,1675
22:42:06.580,22:42:05.009,1571
22:42:08.561,22:42:07.075,1486
22:42:10.683,22:42:09.054,1629
22:42:12.627,22:42:11.057,1570
22:42:14.570,22:42:13.076,1494
22:42:16.879,22:42:15.069,1810
22:42:18.696,22:42:16.923,1773
22:42:20.754,22:42:19.143,1611
22:42:22.565,22:42:21.143,1422
22:42:24.586,22:42:23.124,1462
22:42:26.688,22:42:25.125,1563
22:42:28.722,22:42:26.931,1791
22:42:30.659,22:42:28.931,1728
22:42:32.838,22:42:30.975,1863
22:42:34.649,22:42:33.040,1609
22:42:36.916,22:42:35.048,1868
22:42:38.754,22:42:37.131,1623
22:42:40.557,22:42:38.933,1624
22:42:42.728,22:42:40.948,1780
22:42:44.714,22:42:42.973,1741
22:42:46.616,22:42:44.991,1625
22:42:48.887,22:42:47.014,1873
22:42:50.761,22:42:49.039,1722
22:42:52.589,22:42:51.107,1482
22:42:54.669,22:42:53.116,1553
22:42:56.626,22:42:55.122,1504
22:42:58.779,22:42:57.113,1666
22:43:00.744,22:42:58.955,1789
22:43:02.658,22:43:00.946,1712
22:43:04.700,22:43:02.959,1741
22:43:06.783,22:43:04.966,1817
22:43:08.819,22:43:07.002,1817
22:43:10.747,22:43:09.065,1682
22:43:12.871,22:43:11.117,1754
22:43:14.904,22:43:12.933,1971
22:43:16.747,22:43:14.959,1788
22:43:18.987,22:43:17.029,1958
22:43:20.710,22:43:19.002,1708
22:43:23.017,22:43:21.068,1949
22:43:24.802,22:43:23.111,1691
22:43:26.706,22:43:25.126,1580
22:43:28.624,22:43:26.966,1658
22:43:30.542,22:43:28.964,1578
22:43:32.902,22:43:30.998,1904
22:43:34.494,22:43:33.012,1482
22:43:36.687,22:43:35.041,1646
22:43:38.618,22:43:37.041,1577
22:43:40.892,22:43:39.015,1877
22:43:42.687,22:43:41.069,1618
22:43:44.972,22:43:43.059,1913
22:43:46.742,22:43:45.085,1657
22:43:48.696,22:43:47.094,1602
22:43:52.651,22:43:50.940,1711
22:43:54.868,22:43:52.960,1908
22:43:56.573,22:43:55.010,1563
22:43:58.721,22:43:57.055,1666
22:44:00.945,22:43:59.073,1872
22:44:02.483,22:44:01.075,1408
22:44:04.562,22:44:03.102,1460
22:44:06.703,22:44:05.143,1560
22:44:08.671,22:44:06.984,1687
22:44:10.574,22:44:09.022,1552
22:44:12.395,22:44:11.062,1333
22:44:14.712,22:44:13.072,1640
22:44:16.814,22:44:15.091,1723
22:44:18.740,22:44:16.939,1801
22:44:20.422,22:44:19.156,1266
22:44:22.964,22:44:20.968,1996
22:44:24.596,22:44:22.928,1668
22:44:26.539,22:44:24.974,1565
22:44:28.689,22:44:26.991,1698
22:44:30.723,22:44:29.005,1718
22:44:32.779,22:44:31.033,1746
22:44:34.566,22:44:33.027,1539
22:44:36.601,22:44:35.029,1572
22:44:40.973,22:44:39.078,1895
22:44:42.582,22:44:41.120,1462
22:44:44.427,22:44:43.120,1307
22:44:46.888,22:44:45.128,1760
22:44:48.375,22:44:46.944,1431
22:44:50.597,22:44:49.139,1458
22:44:52.551,22:44:51.158,1393
22:44:54.742,22:44:52.954,1788
22:44:56.511,22:44:55.015,1496
22:44:58.772,22:44:57.033,1739
22:45:00.499,22:44:59.035,1464
22:45:02.660,22:45:01.092,1568
22:45:04.404,22:45:03.104,1300
22:45:06.546,22:45:05.078,1468
22:45:08.527,22:45:07.092,1435
22:45:10.922,22:45:09.149,1773
22:45:12.840,22:45:10.935,1905
22:45:14.537,22:45:12.987,1550
22:45:16.541,22:45:15.020,1521
22:45:18.865,22:45:17.035,1830
22:45:20.397,22:45:19.058,1339
22:45:22.576,22:45:21.045,1531
22:45:24.685,22:45:23.020,1665
22:45:26.764,22:45:25.018,1746
22:45:29.117,22:45:27.078,2039
22:45:30.627,22:45:29.073,1554
22:45:32.895,22:45:31.101,1794
22:45:34.947,22:45:33.125,1822
22:45:36.460,22:45:35.105,1355
22:45:38.521,22:45:37.118,1403
22:45:40.981,22:45:39.137,1844
22:45:44.587,22:45:43.149,1438
22:45:46.570,22:45:44.978,1592
22:45:48.816,22:45:46.951,1865
22:45:50.524,22:45:48.937,1587
22:45:52.719,22:45:51.151,1568
22:45:54.563,22:45:52.938,1625
22:45:56.577,22:45:54.960,1617
22:45:58.533,22:45:56.956,1577
22:46:00.472,22:45:58.954,1518
22:46:02.577,22:46:00.962,1615
22:46:04.863,22:46:02.979,1884
22:46:06.854,22:46:04.966,1888
22:46:08.589,22:46:06.945,1644
22:46:10.772,22:46:09.146,1626
22:46:12.788,22:46:11.142,1646
22:46:14.634,22:46:12.942,1692
22:46:16.439,22:46:14.958,1481
22:46:18.540,22:46:16.958,1582
22:46:20.506,22:46:19.145,1361
22:46:22.662,22:46:20.945,1717
22:46:24.641,22:46:23.143,1498
22:46:26.383,22:46:25.139,1244
22:46:28.471,22:46:27.107,1364
22:46:30.627,22:46:29.140,1487
22:46:32.431,22:46:30.941,1490
22:46:34.533,22:46:32.938,1595
22:46:36.435,22:46:34.937,1498
22:46:38.575,22:46:37.136,1439
22:46:40.638,22:46:39.143,1495
22:46:42.591,22:46:41.136,1455
22:46:44.712,22:46:43.135,1577
22:46:46.525,22:46:45.135,1390
22:46:48.623,22:46:47.141,1482
22:46:50.488,22:46:48.936,1552
22:46:52.817,22:46:50.961,1856
22:46:54.936,22:46:52.969,1967
22:46:56.769,22:46:54.963,1806
22:46:58.640,22:46:56.989,1651
22:47:00.623,22:46:58.963,1660
22:47:02.645,22:47:00.966,1679
22:47:04.747,22:47:03.038,1709
22:47:06.868,22:47:05.030,1838
22:47:08.692,22:47:07.076,1616
22:47:10.649,22:47:09.073,1576
22:47:12.769,22:47:11.087,1682
22:47:16.653,22:47:15.091,1562
22:47:18.718,22:47:17.084,1634
22:47:20.706,22:47:19.097,1609
22:47:22.766,22:47:21.077,1689
22:47:24.767,22:47:23.099,1668
22:47:26.834,22:47:25.079,1755
22:47:28.779,22:47:27.073,1706
22:47:30.580,22:47:29.061,1519
22:47:32.841,22:47:31.074,1767
22:47:34.710,22:47:33.133,1577
22:47:36.891,22:47:34.935,1956
22:47:38.451,22:47:36.989,1462
22:47:40.704,22:47:38.995,1709
22:47:42.411,22:47:41.028,1383
22:47:44.444,22:47:42.998,1446
22:47:47.039,22:47:44.994,2045
22:47:48.632,22:47:47.021,1611
22:47:50.629,22:47:49.003,1626
22:47:52.499,22:47:51.004,1495
22:47:54.378,22:47:53.000,1378
22:47:56.680,22:47:54.947,1733
22:47:58.501,22:47:56.971,1530
22:48:00.880,22:47:58.947,1933
22:48:02.439,22:48:00.961,1478
22:48:04.492,22:48:02.941,1551
22:48:06.441,22:48:04.943,1498
22:48:08.541,22:48:06.932,1609
22:48:10.676,22:48:09.117,1559
22:48:12.581,22:48:11.150,1431
22:48:16.684,22:48:15.116,1568
22:48:18.631,22:48:17.126,1505
22:48:20.724,22:48:18.942,1782
22:48:22.684,22:48:20.959,1725
22:48:24.634,22:48:22.987,1647
22:48:26.713,22:48:25.032,1681
22:48:28.528,22:48:27.055,1473
22:48:30.494,22:48:29.055,1439
22:48:32.622,22:48:31.071,1551
22:48:34.541,22:48:33.078,1463
22:48:36.553,22:48:35.062,1491
22:48:38.797,22:48:37.047,1750
22:48:40.784,22:48:39.022,1762
22:48:42.752,22:48:41.060,1692
22:48:46.625,22:48:45.024,1601
22:48:48.628,22:48:47.035,1593
22:48:50.654,22:48:49.018,1636
22:48:52.702,22:48:50.998,1704
22:48:54.626,22:48:52.989,1637
22:48:56.682,22:48:54.947,1735
22:48:58.832,22:48:57.017,1815
22:49:00.588,22:48:59.076,1512
22:49:02.612,22:49:01.058,1554
22:49:04.694,22:49:03.047,1647
22:49:06.797,22:49:05.079,1718
22:49:08.600,22:49:07.048,1552
22:49:10.568,22:49:09.054,1514
22:49:12.655,22:49:11.113,1542
22:49:14.532,22:49:13.120,1412
22:49:16.708,22:49:14.934,1774
22:49:18.658,22:49:16.988,1670
22:49:20.637,22:49:18.995,1642
22:49:22.676,22:49:21.021,1655
22:49:24.885,22:49:23.039,1846
22:49:26.485,22:49:25.058,1427
22:49:28.678,22:49:27.108,1570
22:49:30.627,22:49:29.135,1492
22:49:32.412,22:49:31.153,1259
22:49:34.499,22:49:33.136,1363
22:49:36.909,22:49:35.154,1755
22:49:38.617,22:49:36.926,1691
22:49:40.593,22:49:38.943,1650
22:49:42.721,22:49:41.007,1714
22:49:44.612,22:49:43.032,1580
22:49:48.754,22:49:46.995,1759
22:49:50.668,22:49:48.970,1698
22:49:52.795,22:49:51.000,1795
22:49:54.657,22:49:52.996,1661
22:49:56.629,22:49:55.021,1608
22:49:58.690,22:49:57.056,1634
22:50:00.557,22:49:59.049,1508
22:50:02.448,22:50:01.039,1409
22:50:04.562,22:50:03.024,1538
22:50:06.373,22:50:05.000,1373
22:50:08.532,22:50:06.974,1558
22:50:10.548,22:50:08.966,1582
22:50:12.523,22:50:10.977,1546
22:50:16.424,22:50:14.976,1448
22:50:18.324,22:50:16.990,1334
22:50:20.713,22:50:19.029,1684
22:50:22.514,22:50:21.075,1439
22:50:24.587,22:50:23.089,1498
22:50:26.653,22:50:25.121,1532
22:50:28.478,22:50:27.129,1349
22:50:30.797,22:50:29.148,1649
22:50:32.512,22:50:30.951,1561
22:50:34.515,22:50:32.950,1565
22:50:36.794,22:50:34.972,1822
22:50:38.629,22:50:37.018,1611
22:50:40.618,22:50:39.030,1588
22:50:42.608,22:50:41.024,1584
22:50:44.600,22:50:43.052,1548
22:50:46.664,22:50:45.059,1605
22:50:48.735,22:50:47.046,1689
22:50:50.664,22:50:49.030,1634
22:50:52.553,22:50:50.991,1562
22:50:54.564,22:50:52.982,1582
22:50:56.543,22:50:54.991,1552
22:50:58.547,22:50:56.977,1570
22:51:00.640,22:50:59.014,1626
22:51:02.446,22:51:00.957,1489
22:51:04.667,22:51:02.952,1715
22:51:06.628,22:51:04.979,1649
22:51:08.466,22:51:07.022,1444
22:51:10.572,22:51:08.975,1597
22:51:12.460,22:51:10.925,1535
22:51:14.543,22:51:12.928,1615
22:51:16.620,22:51:14.939,1681
22:51:18.530,22:51:16.952,1578
22:51:20.532,22:51:18.975,1557
22:51:22.496,22:51:20.964,1532
22:51:24.592,22:51:22.979,1613
22:51:26.402,22:51:25.047,1355
22:51:28.466,22:51:27.034,1432
22:51:30.790,22:51:29.045,1745
22:51:32.766,22:51:31.021,1745
22:51:34.515,22:51:33.023,1492
22:51:36.545,22:51:35.016,1529
22:51:38.604,22:51:37.017,1587
22:51:40.470,22:51:39.034,1436
22:51:42.581,22:51:41.044,1537
22:51:44.651,22:51:43.045,1606
22:51:46.730,22:51:45.026,1704
22:51:48.790,22:51:47.057,1733
22:51:50.652,22:51:49.118,1534
22:51:52.664,22:51:51.148,1516
22:51:54.712,22:51:52.978,1734
22:51:56.468,22:51:55.000,1468
22:51:58.717,22:51:56.974,1743
22:52:00.641,22:51:58.990,1651
22:52:02.756,22:52:00.992,1764
22:52:04.665,22:52:03.001,1664
22:52:06.550,22:52:04.978,1572
22:52:08.672,22:52:07.011,1661
22:52:10.649,22:52:08.995,1654
22:52:12.746,22:52:10.978,1768
22:52:14.881,22:52:13.024,1857
22:52:16.755,22:52:15.052,1703
22:52:18.685,22:52:17.012,1673
22:52:20.798,22:52:19.037,1761
22:52:22.678,22:52:21.079,1599
22:52:24.682,22:52:23.120,1562
22:52:26.554,22:52:25.139,1415
22:52:28.535,22:52:26.991,1544
22:52:30.845,22:52:28.984,1861
22:52:32.729,22:52:30.991,1738
22:52:34.729,22:52:32.962,1767
22:52:36.506,22:52:35.007,1499
22:52:38.871,22:52:37.007,1864
22:52:40.652,22:52:39.046,1606
22:52:42.758,22:52:41.096,1662
22:52:44.688,22:52:43.102,1586
22:52:46.723,22:52:44.926,1797
22:52:48.733,22:52:47.138,1595
22:52:50.763,22:52:48.945,1818
22:52:52.444,22:52:50.988,1456
22:52:54.697,22:52:52.999,1698
22:52:56.571,22:52:54.946,1625
22:52:58.571,22:52:56.964,1607
22:53:00.645,22:52:58.964,1681
22:53:02.617,22:53:00.963,1654
22:53:04.897,22:53:02.987,1910
22:53:06.763,22:53:05.020,1743
22:53:08.743,22:53:07.039,1704
22:53:10.690,22:53:09.081,1609
22:53:12.627,22:53:11.140,1487
22:53:14.763,22:53:12.950,1813
22:53:16.704,22:53:14.966,1738
22:53:18.602,22:53:16.984,1618
22:53:20.568,22:53:19.008,1560
22:53:22.730,22:53:21.028,1702
22:53:24.772,22:53:23.061,1711
22:53:26.771,22:53:25.066,1705
22:53:28.704,22:53:27.088,1616
22:53:30.943,22:53:28.917,2025
22:53:32.724,22:53:30.917,1807
22:53:34.958,22:53:32.984,1974
22:53:36.762,22:53:35.013,1749
22:53:38.740,22:53:37.052,1688
22:53:40.857,22:53:39.074,1783
22:53:42.577,22:53:41.103,1474
22:53:44.806,22:53:43.129,1677
22:53:46.739,22:53:44.952,1787
22:53:48.556,22:53:46.979,1577
22:53:50.901,22:53:49.033,1868
22:53:52.751,22:53:51.026,1725
22:53:54.761,22:53:53.027,1734
22:53:56.807,22:53:55.020,1787
22:53:58.609,22:53:57.031,1578
22:54:00.906,22:53:59.052,1854
22:54:02.635,22:54:01.068,1567
22:54:04.807,22:54:03.123,1684
22:54:06.688,22:54:04.984,1704
22:54:08.705,22:54:07.020,1685
22:54:10.686,22:54:09.085,1601
22:54:12.482,22:54:11.108,1374
22:54:14.754,22:54:13.125,1629
22:54:16.815,22:54:15.119,1696
22:54:18.624,22:54:16.938,1686
22:54:20.624,22:54:19.117,1507
22:54:22.814,22:54:21.118,1696
22:54:24.770,22:54:22.965,1805
22:54:26.932,22:54:25.007,1925
22:54:28.611,22:54:27.007,1604
22:54:30.735,22:54:29.052,1683
22:54:32.654,22:54:31.054,1600
22:54:34.747,22:54:33.119,1628
22:54:37.014,22:54:34.955,2059
22:54:38.757,22:54:37.021,1736
22:54:40.769,22:54:39.081,1688
22:54:42.620,22:54:41.052,1568
22:54:44.838,22:54:43.075,1763
22:54:46.580,22:54:45.059,1521
22:54:48.724,22:54:47.094,1630
22:54:50.818,22:54:49.142,1676
22:54:52.648,22:54:50.974,1674
22:54:54.396,22:54:53.013,1383
22:54:56.670,22:54:55.007,1663
22:54:58.636,22:54:57.052,1584
22:55:00.664,22:54:59.068,1596
22:55:02.802,22:55:01.069,1733
22:55:04.616,22:55:03.062,1554
22:55:06.498,22:55:05.123,1375
22:55:08.694,22:55:06.934,1760
22:55:10.698,22:55:08.951,1747
22:55:12.592,22:55:11.008,1584
22:55:14.638,22:55:13.070,1568
22:55:16.403,22:55:15.063,1340
22:55:18.616,22:55:17.028,1588
22:55:20.789,22:55:19.012,1777
22:55:22.427,22:55:20.987,1440
22:55:24.673,22:55:23.042,1631
22:55:26.605,22:55:25.068,1537
22:55:28.558,22:55:27.063,1495
22:55:30.746,22:55:29.046,1700
22:55:32.739,22:55:31.118,1621
22:55:34.815,22:55:33.115,1700
22:55:36.523,22:55:35.154,1369
22:55:38.572,22:55:36.935,1637
22:55:40.509,22:55:38.955,1554
22:55:42.928,22:55:40.994,1934
22:55:44.569,22:55:43.032,1537
22:55:46.627,22:55:45.054,1573
22:55:48.616,22:55:47.070,1546
22:55:50.690,22:55:49.101,1589
22:55:52.650,22:55:51.131,1519
22:55:54.587,22:55:53.107,1480
22:55:56.457,22:55:54.931,1526
22:55:58.568,22:55:56.933,1635
22:56:00.316,22:55:58.936,1380
22:56:02.730,22:56:00.931,1799
22:56:04.518,22:56:02.969,1549
22:56:06.467,22:56:05.027,1440
22:56:08.694,22:56:07.044,1650
22:56:10.627,22:56:09.040,1587
22:56:12.393,22:56:11.034,1359
22:56:14.595,22:56:13.083,1512
22:56:16.590,22:56:15.110,1480
22:56:18.878,22:56:17.150,1728
22:56:20.431,22:56:18.982,1449
22:56:22.893,22:56:21.029,1864
22:56:24.765,22:56:23.048,1717
22:56:26.454,22:56:25.054,1400
22:56:28.735,22:56:27.048,1687
22:56:30.551,22:56:29.060,1491
22:56:32.612,22:56:31.050,1562
22:56:34.493,22:56:33.094,1399
22:56:36.438,22:56:35.102,1336
22:56:38.543,22:56:37.079,1464
22:56:40.584,22:56:39.103,1481
22:56:42.498,22:56:40.923,1575
22:56:44.599,22:56:42.971,1628
22:56:46.648,22:56:44.997,1651
22:56:48.642,22:56:47.039,1603
22:56:50.748,22:56:49.052,1696
22:56:52.746,22:56:51.029,1717
22:56:54.593,22:56:53.021,1572
22:56:56.726,22:56:55.039,1687
22:56:58.684,22:56:57.104,1580
22:57:00.399,22:56:59.086,1313
22:57:02.664,22:57:01.098,1566
22:57:04.615,22:57:03.109,1506
22:57:06.868,22:57:05.101,1767
22:57:08.600,22:57:07.086,1514
22:57:10.462,22:57:09.151,1311
22:57:12.669,22:57:10.957,1712
22:57:14.628,22:57:12.974,1654
22:57:16.570,22:57:15.018,1552
22:57:18.739,22:57:16.993,1746
22:57:20.979,22:57:18.975,2004
22:57:22.787,22:57:21.021,1766
22:57:24.647,22:57:23.037,1610
22:57:26.510,22:57:25.017,1493
22:57:28.544,22:57:27.025,1519
22:57:30.680,22:57:29.063,1617
22:57:32.736,22:57:31.050,1686
22:57:34.543,22:57:33.025,1518
22:57:36.535,22:57:35.018,1517
22:57:38.782,22:57:37.016,1766
22:57:40.668,22:57:39.031,1637
22:57:42.450,22:57:41.052,1398
22:57:44.738,22:57:43.015,1723
22:57:46.723,22:57:45.014,1709
22:57:48.553,22:57:47.034,1519
22:57:50.671,22:57:49.034,1637
22:57:52.601,22:57:51.056,1545
22:57:54.445,22:57:53.084,1361
22:57:56.489,22:57:55.076,1413
22:57:58.451,22:57:57.076,1375
22:58:00.650,22:57:59.145,1505
22:58:02.658,22:58:00.969,1689
22:58:04.514,22:58:03.004,1510
22:58:06.372,22:58:04.979,1393
22:58:08.588,22:58:07.001,1587
22:58:10.660,22:58:08.986,1674
22:58:12.419,22:58:10.992,1427
22:58:14.496,22:58:12.962,1534
22:58:16.841,22:58:15.007,1834
22:58:18.846,22:58:17.065,1781
22:58:20.799,22:58:19.137,1662
22:58:22.448,22:58:21.149,1299
22:58:24.328,22:58:23.148,1180
22:58:26.376,22:58:24.935,1441
22:58:28.889,22:58:26.937,1952
22:58:30.690,22:58:28.995,1695
22:58:32.446,22:58:31.032,1414
22:58:34.653,22:58:33.064,1589
22:58:36.510,22:58:35.092,1418
22:58:38.451,22:58:37.087,1364
22:58:40.569,22:58:39.083,1486
22:58:42.308,22:58:41.075,1233
22:58:44.634,22:58:43.084,1550
22:58:46.580,22:58:45.096,1484
22:58:48.675,22:58:47.073,1602
22:58:50.627,22:58:49.114,1513
22:58:52.497,22:58:51.130,1367
22:58:54.606,22:58:53.146,1460
22:58:56.638,22:58:55.144,1494
22:58:58.351,22:58:57.134,1217
22:59:00.566,22:58:59.130,1436
22:59:02.620,22:59:00.917,1703
22:59:04.716,22:59:03.138,1578
22:59:07.040,22:59:04.930,2110
22:59:08.557,22:59:06.938,1619
22:59:10.699,22:59:08.972,1727
22:59:12.680,22:59:11.028,1652
22:59:14.440,22:59:13.022,1418
22:59:16.764,22:59:15.002,1762
22:59:18.553,22:59:17.037,1516
22:59:20.418,22:59:19.069,1349
22:59:22.582,22:59:21.122,1460
22:59:24.416,22:59:23.127,1289
22:59:26.611,22:59:25.121,1490
22:59:28.834,22:59:27.144,1690
22:59:30.678,22:59:28.959,1719
22:59:32.717,22:59:31.020,1697
22:59:34.847,22:59:33.088,1759
22:59:36.758,22:59:35.074,1684
22:59:38.778,22:59:37.080,1698
22:59:40.405,22:59:39.098,1307
22:59:42.420,22:59:41.124,1296
22:59:44.420,22:59:43.117,1303
22:59:46.641,22:59:45.117,1524
22:59:48.568,22:59:46.943,1625
22:59:50.765,22:59:49.001,1764
22:59:52.740,22:59:50.995,1745
22:59:54.619,22:59:53.026,1593
22:59:56.695,22:59:55.031,1664
22:59:58.434,22:59:57.032,1402
23:00:00.517,22:59:59.052,1465
23:00:02.621,23:00:01.057,1564
23:00:04.290,23:00:03.077,1213
23:00:06.716,23:00:05.072,1644
23:00:08.376,23:00:07.112,1264
23:00:10.420,23:00:08.929,1491
23:00:12.444,23:00:10.939,1505
23:00:14.641,23:00:12.927,1714
23:00:16.424,23:00:15.015,1409
23:00:18.492,23:00:16.983,1509
23:00:20.486,23:00:18.991,1495
23:00:22.511,23:00:21.022,1489
23:00:24.361,23:00:22.989,1372
23:00:26.685,23:00:24.989,1696
23:00:28.492,23:00:27.031,1461
23:00:30.495,23:00:28.978,1517
23:00:32.383,23:00:30.974,1409
23:00:34.733,23:00:32.965,1768
23:00:36.560,23:00:34.961,1599
23:00:38.657,23:00:36.975,1682
23:00:40.582,23:00:39.005,1577
23:00:42.710,23:00:41.068,1642
23:00:44.480,23:00:43.059,1421
23:00:46.700,23:00:45.051,1649
23:00:48.705,23:00:47.075,1630
23:00:50.414,23:00:49.091,1323
23:00:52.395,23:00:51.137,1258
23:00:54.800,23:00:53.132,1668
23:00:56.335,23:00:54.944,1391
23:00:58.761,23:00:56.947,1814
23:01:00.551,23:00:58.984,1567
23:01:02.756,23:01:01.004,1752
23:01:04.541,23:01:03.006,1535
23:01:06.631,23:01:04.971,1660
23:01:08.669,23:01:07.002,1667
23:01:10.723,23:01:09.017,1706
23:01:13.005,23:01:10.993,2012
23:01:14.745,23:01:13.010,1735
23:01:16.584,23:01:15.014,1570
23:01:18.617,23:01:17.035,1582
23:01:20.616,23:01:18.990,1626
23:01:22.560,23:01:20.999,1561
23:01:24.552,23:01:23.001,1551
23:01:26.746,23:01:24.999,1747
23:01:28.698,23:01:27.000,1698
23:01:30.585,23:01:28.967,1618
23:01:32.674,23:01:30.954,1720
23:01:34.569,23:01:33.011,1558
23:01:36.715,23:01:35.001,1714
23:01:38.607,23:01:36.985,1622
23:01:40.564,23:01:39.008,1556
23:01:42.463,23:01:40.987,1476
23:01:44.679,23:01:43.032,1647
23:01:46.533,23:01:45.075,1458
23:01:48.392,23:01:47.093,1299
23:01:50.598,23:01:49.075,1523
23:01:52.506,23:01:51.052,1454
23:01:54.543,23:01:53.092,1451
23:01:56.458,23:01:55.095,1363
23:01:58.556,23:01:56.918,1638
23:02:00.453,23:01:58.989,1464
23:02:02.603,23:02:00.967,1636
23:02:04.743,23:02:02.982,1761
23:02:06.550,23:02:04.985,1565
23:02:08.655,23:02:06.991,1664
23:02:10.389,23:02:09.014,1375
23:02:12.697,23:02:10.958,1739
23:02:14.662,23:02:13.001,1661
23:02:16.481,23:02:15.062,1419
23:02:18.336,23:02:17.103,1233
23:02:20.496,23:02:19.067,1429
23:02:22.462,23:02:21.015,1447
23:02:24.704,23:02:23.023,1681
23:02:26.870,23:02:25.041,1829
23:02:28.693,23:02:27.041,1652
23:02:30.524,23:02:29.051,1473
23:02:32.661,23:02:31.048,1613
23:02:34.673,23:02:33.041,1632
23:02:36.535,23:02:35.064,1471
23:02:38.632,23:02:37.105,1527
23:02:40.581,23:02:39.132,1449
23:02:42.724,23:02:41.141,1583
23:02:45.508,23:02:43.142,2366
23:02:46.738,23:02:44.971,1767
23:02:48.607,23:02:47.065,1542
23:02:51.552,23:02:49.105,2447
23:02:52.655,23:02:50.976,1679
23:02:55.263,23:02:53.068,2195
23:02:57.059,23:02:55.098,1961
23:02:58.670,23:02:56.932,1738
23:03:00.530,23:02:58.993,1537
23:03:02.662,23:03:00.978,1684
23:03:04.509,23:03:03.043,1466
23:03:06.668,23:03:05.015,1653
23:03:08.569,23:03:07.058,1511
23:03:10.874,23:03:09.092,1782
23:03:12.648,23:03:11.154,1494
23:03:14.453,23:03:12.932,1521
23:03:16.514,23:03:14.942,1572
23:03:18.576,23:03:17.149,1427
23:03:20.535,23:03:18.932,1603
23:03:22.578,23:03:20.977,1601
23:03:24.541,23:03:22.999,1542
23:03:27.001,23:03:24.977,2024
23:03:28.545,23:03:27.034,1511
23:03:30.473,23:03:29.080,1393
23:03:32.452,23:03:31.076,1376
23:03:34.731,23:03:33.131,1600
23:03:36.500,23:03:34.942,1558
23:03:38.674,23:03:37.141,1533
23:03:40.417,23:03:39.141,1276
23:03:42.856,23:03:41.137,1719
23:03:44.446,23:03:43.130,1316
23:03:46.393,23:03:45.077,1316
23:03:48.637,23:03:47.067,1570
23:03:50.403,23:03:49.106,1297
23:03:52.567,23:03:51.116,1451
23:03:54.926,23:03:53.137,1789
23:03:56.430,23:03:54.946,1484
23:03:58.459,23:03:57.008,1451
23:04:00.504,23:03:59.004,1500
23:04:02.636,23:04:01.014,1622
23:04:04.474,23:04:03.035,1439
23:04:06.697,23:04:05.048,1649
23:04:09.057,23:04:07.024,2033
23:04:10.569,23:04:09.011,1558
23:04:12.671,23:04:11.031,1640
23:04:14.394,23:04:13.070,1324
23:04:17.246,23:04:15.065,2181
23:04:18.491,23:04:16.952,1539
23:04:20.363,23:04:18.988,1375
23:04:22.437,23:04:21.010,1427
23:04:24.645,23:04:22.999,1646
23:04:26.701,23:04:25.025,1676
23:04:29.341,23:04:27.031,2310
23:04:31.249,23:04:28.949,2300
23:04:32.654,23:04:31.090,1564
23:04:34.527,23:04:33.141,1386
23:04:36.518,23:04:34.961,1557
23:04:38.518,23:04:36.958,1560
23:04:40.638,23:04:38.956,1682
23:04:42.915,23:04:41.062,1853
23:04:44.992,23:04:43.131,1861
23:04:46.953,23:04:44.927,2025
23:04:48.512,23:04:46.967,1545
23:04:50.510,23:04:48.953,1557
23:04:52.602,23:04:50.955,1647
23:04:55.155,23:04:52.961,2194
23:04:56.655,23:04:54.986,1669
23:04:58.694,23:04:57.039,1655
23:05:00.628,23:04:59.030,1598
23:05:02.684,23:05:01.083,1601
23:05:04.513,23:05:03.076,1437
23:05:06.497,23:05:05.093,1404
23:05:08.678,23:05:07.099,1579
23:05:11.019,23:05:09.127,1892
23:05:12.622,23:05:10.898,1724
23:05:15.066,23:05:13.021,2045
23:05:16.556,23:05:15.019,1537
23:05:18.702,23:05:17.064,1638
